,x,y,colour
0,9.22416713591804,-3.1932120105315454,orange
1,0.8347410786674985,-9.565099859567145,orange
2,-1.4349845268160486,-0.02981041399672435,orange
3,4.683481778117091,-4.557835491494533,orange
4,-8.11835819393514,9.217351769845628,orange
5,7.030945761480886,9.88861357281202,blue
6,-6.9754358176884645,7.604346399792721,orange
7,8.074694883622058,-1.8108923807421782,orange
8,6.022676924842681,-8.901953971624419,orange
9,7.2240826746184155,-8.292640410333973,orange
10,-2.7469202876651844,-6.327515218050648,orange
11,2.742926720322478,-7.651622980315298,orange
12,-6.128132242931661,6.350206260145576,orange
13,-6.283833807225365,5.569298399076079,orange
14,9.98549303076788,-7.73350557421826,orange
15,-4.239921846467702,5.935772089258611,orange
16,0.7657887867092406,0.5844948593343968,orange
17,-7.180324648948453,9.638459542228382,orange
18,6.481861659980382,6.104484866107967,blue
19,3.6916920973523304,4.318767797813214,orange
20,7.958942010156736,3.847858281578345,orange
21,-4.391471069849184,-4.288866996732315,blue
22,6.446279108759043,6.330954303747845,blue
23,-6.70307499549498,-2.392626675884884,blue
24,-9.58162659912591,-7.481418543053591,blue
25,3.6512147719846144,-1.6972099727259877,orange
26,0.13122516295416098,-7.650328485127826,orange
27,-3.6173454443065083,-3.72781907721577,blue
28,-7.7279515823028415,-4.04007729312222,blue
29,-7.4466474555505595,5.8048147434395005,orange
30,-5.935227757584299,8.17956622207264,orange
31,-7.59459410991822,-6.404390260170219,blue
32,-3.180564569093878,2.0396876800464785,blue
33,-8.387326720860662,-8.5461402078569,blue
34,-0.8887392485694878,4.330680200314488,orange
35,-0.3637304608886076,1.143231674064097,orange
36,6.372774698236089,7.881316545932599,blue
37,7.648856809274832,-7.051404685768626,orange
38,-6.725535240117431,9.892742056616836,orange
39,-6.343099627988424,-3.251834723379597,blue
40,-5.8166431369717175,-2.5481301161871546,blue
41,6.319106812732851,-7.633153649961546,orange
42,5.617480838115608,-1.513317618033355,orange
43,2.7413666337297826,-4.574668378474653,orange
44,-8.420346715050746,-4.958684779958933,blue
45,9.197399861508366,-6.272421296783206,orange
46,8.824475249004987,3.666384831046585,orange
47,6.051576333861252,-0.18597200346255072,orange
48,2.348928293169978,-3.1817050447885205,orange
49,5.363942518470001,-8.332335746531962,orange
50,-9.58458318626863,9.719211671816758,orange
51,1.9489576533167785,3.2491569787053542,orange
52,3.8501378129124646,-0.8747224301967336,orange
53,-9.587197413821398,-0.20075374633436027,blue
54,-1.9215195571504484,4.836072517473905,orange
55,8.149425155637083,0.029749734554933127,orange
56,-7.368934226920649,9.137109765893051,orange
57,-3.1243870919936594,-7.744968862723662,blue
58,-5.836311488277466,-7.917886141875313,blue
59,-6.976473355826068,-7.815653746734643,blue
60,6.187375011204512,-0.8363904150480987,orange
61,-9.075353437504248,0.708310940120839,blue
62,-9.539683455742331,-6.239366107528081,blue
63,8.795634915641319,-5.5719208311680335,orange
64,-9.562654869154994,-7.839824753371671,blue
65,-9.27385882056479,6.698804047992443,orange
66,9.934596626497097,-7.419602325711097,orange
67,-7.702111802210596,7.4275348266657275,orange
68,0.45244697821114954,7.067966764546384,blue
69,9.039114589822002,5.510578350225186,blue
70,-1.644186811732002,-5.78284888208819,orange
71,5.575993253278071,9.510928930079313,blue
72,-7.112469279399667,-1.5650855525137644,blue
73,7.739214949420212,-1.1240246082175336,orange
74,6.539960288601062,-4.787574548594975,orange
75,2.869492771377292,6.681317258823441,blue
76,-8.175095701330488,3.5681223466721335,blue
77,9.536333263914646,-3.1153472229886026,orange
78,0.07854730057116832,-4.899730622776981,orange
79,9.052290294162727,-8.899754084897904,orange
80,-9.58683012085344,-5.405131349703495,blue
81,-8.36681125462498,4.098615560247401,blue
82,-5.4756600165150004,2.467208718963736,blue
83,4.3554198241709585,-1.2550201672564558,orange
84,-3.174068745235072,-6.025592821204249,blue
85,-4.316456775901285,-1.4666502240183803,blue
86,5.580530974495359,-2.7767817160351544,orange
87,-0.6752433408992857,-0.8100580512199951,orange
88,-9.5669081438255,-6.691849296484074,blue
89,-2.343611702195938,-8.962579439044102,orange
90,-1.0566066171862687,2.5843210075986978,orange
91,-1.5498782776744502,-9.7290559053154,orange
92,-8.939330068444205,5.174318118927516,orange
93,-4.1139287211488025,0.6738966866594964,blue
94,0.29009714763797234,-4.576500450290892,orange
95,-5.472804852360904,-1.065798015034094,blue
96,-9.578683597980035,1.6545414123225939,blue
97,-5.178939910721249,-3.939276671625449,blue
98,-9.833399626548239,7.1079763665001465,orange
99,-5.764183728880448,-7.366534648040037,blue
100,8.045380935684776,-4.612237420051275,orange
101,6.018342267576479,-0.5968578066165904,orange
102,4.946651774343689,-6.928904627602554,orange
103,4.629564486325322,0.3363194509337184,orange
104,1.4938372187297517,-7.818432856731623,orange
105,0.9659775714843342,1.7448259633674201,orange
106,4.052125029512769,5.636436877090924,blue
107,0.18840163277604738,8.468012652020658,blue
108,7.659645112306048,-3.0010551867217234,orange
109,4.056386035524923,-4.844841786814427,orange
110,-4.372826327539596,-4.579450439167296,blue
111,-5.962289355341168,-6.064715590603582,blue
112,5.167346216537915,-8.568733909052622,orange
113,-2.860116611452705,1.7433851594882697,orange
114,-3.34661930733529,9.132933318259937,orange
115,0.8304666005848453,-0.7615590178767668,orange
116,-6.818544766008943,-1.7911670248110916,blue
117,-2.6957200224417104,7.673238241594909,blue
118,1.3230980046742342,0.7379149865651442,orange
119,-1.9648622736467765,-7.2886706755046715,orange
120,1.778411694898418,0.06729216718769315,orange
121,-5.2932618916417145,-8.197696255606704,blue
122,2.4878081726890393,-4.166078347122748,orange
123,-1.0713228610469763,4.946647516788431,orange
124,4.699145306619899,-2.1732804019429075,orange
125,-0.6368293678459995,-5.274575420085707,orange
126,2.7476143299353577,-5.125212870622451,orange
127,4.0993321866350705,-0.8088781596055821,orange
128,-5.00472301398635,-4.653494192907235,blue
129,8.171394229662006,-8.380854330774367,orange
130,0.6926012090052343,1.6849153510877617,orange
131,0.6555485470148685,-8.798666573722986,orange
132,-4.401234262153595,9.678371474767733,orange
133,6.171728441884657,-9.083876471957332,orange
134,4.959017010502526,7.618692118095595,blue
135,-9.727751133303164,9.909447918487281,orange
136,7.9373768295376514,-5.725885639967602,orange
137,1.9464578368014944,-6.760057380449562,orange
138,6.43702110324838,0.5068747508926776,orange
139,-1.353205951644485,-4.647986123832575,orange
140,-0.09416026161933111,1.0207760796801395,orange
141,2.0999837028726382,1.8560207553143577,orange
142,-0.05886978894112538,2.3787610942755215,orange
143,-6.811603570291038,-0.2966755287115834,blue
144,-8.426961402143728,-9.99385348533998,blue
145,0.7860625354478952,-6.165904920160643,orange
146,-3.0698026317000764,-3.9600862235131196,blue
147,-7.499567785047649,8.025434514528776,orange
148,5.591236752125637,-0.17788588852444676,orange
149,-6.305700707858213,-2.5908593097929122,blue
150,-0.3066501292474797,7.546397267757097,blue
151,6.17093187790833,-9.96605767297391,orange
152,0.2331512801436446,-3.104509042603521,orange
153,-0.6661432042412336,-2.023918018865336,orange
154,-3.2731411377316473,6.055808002905177,orange
155,-0.9734561072200609,-2.2857097431233324,orange
156,-8.037062373049402,9.927510859558975,orange
157,0.08875298406957732,7.645610490720269,blue
158,1.3718310213011708,-8.774336308786346,orange
159,3.358585011862731,5.288782294380759,blue
160,-7.849762478641599,0.30108174318660197,blue
161,2.5605585086074036,-9.377034359574072,orange
162,9.946275513270603,2.3115283121243397,orange
163,1.9842147277102526,-5.03471716614478,orange
164,-3.0842278075068457,0.373289098264058,blue
165,8.063250272480072,-0.42597640391374547,orange
166,6.1467883237285434,9.730510609710251,blue
167,-9.92267845445745,-3.8439219913082923,blue
168,-2.360841328167811,2.3632214107505547,orange
169,-5.966612530557471,8.915501419583993,orange
170,4.94146965182162,6.307990005724541,blue
171,8.863440444309404,4.8334971117980565,orange
172,-6.376439598679702,-3.4972038850188447,blue
173,4.938666014600926,-4.389780144945887,orange
174,-2.9011432200000904,7.1167079861904305,blue
175,-3.950883906906249,-3.789304215257337,blue
176,-5.515879471002254,-5.489079410447825,blue
177,-4.387808071936221,-9.496596970325141,blue
178,-2.1761230390146817,0.05737142315846988,orange
179,-3.7091478865139944,3.1191888763811413,blue
180,3.789079613041471,3.4062316334763665,orange
181,8.42791559338885,2.21063332499895,orange
182,4.019058263960231,9.966042967546603,blue
183,7.622941010897762,-0.8346331758257008,orange
184,5.91331594691939,6.595979461938853,blue
185,-6.887119718841211,5.5276816817289465,orange
186,-7.869636826040258,4.291951108315361,blue
187,3.0938543069036477,-8.820499422440736,orange
188,5.0962299276455845,-8.153332470344722,orange
189,-2.0663605551342084,3.32595339025689,orange
190,5.5755450720461415,-5.965088330932769,orange
191,-3.8409742253383783,-1.8618909718701993,blue
192,7.0040451543374616,-6.334558209281925,orange
193,1.3591202762296568,-5.863327826820193,orange
194,-6.893516589439943,-8.69822142204299,blue
195,1.6291336836630048,9.192108164654869,blue
196,5.0417336412025975,-8.101027258838227,orange
197,8.809975758500144,5.1623220186379,blue
198,-3.910144765011081,-4.026810183769063,blue
199,-0.6374598033983645,-2.9890525233921217,orange
200,8.41465004916169,-3.80954296883524,orange
201,-1.5333520452368532,-2.736552990466505,orange
202,8.765099285363718,3.8152121264407697,orange
203,5.6603304018834955,-8.45425259732725,orange
204,0.3193322558152829,-5.932718862134855,orange
205,8.927791910425615,5.102527452786971,blue
206,8.391015188582593,-1.42619984185119,orange
207,-4.130413814730418,9.595250605360231,orange
208,3.708778642934236,1.2006149909478374,orange
209,1.9604623912301395,-1.2259808243955046,orange
210,0.1100909210176475,-9.045525948046471,orange
211,-4.900355364845732,3.295601106288066,blue
212,-6.69452992833425,-9.059323804015705,blue
213,2.2935691340227464,-6.735927539798093,orange
214,-4.233798933814741,9.0695299775103,orange
215,-9.446582054056918,-5.144680906872514,blue
216,-4.787359410815409,5.5411766175102315,orange
217,-9.892948051670881,-0.9597829662049584,blue
218,-0.7284205493632214,-8.870216542325046,orange
219,-7.563808732558959,-4.240694161458906,blue
220,9.37062877563827,6.392323158692051,blue
221,-8.685636528979806,6.516273102697575,orange
222,9.208843432284969,-4.93494980734255,orange
223,-6.6813343162918715,9.678008531566785,orange
224,-2.4010770633232514,3.9159818617868822,orange
225,7.704068863888587,-2.262734376265776,orange
226,7.024840064063969,-1.7868424494114183,orange
227,3.6298304496996394,2.7828975820316444,orange
228,-7.110998437537248,-2.911688139116788,blue
229,-8.34827294331021,8.563348341146146,orange
230,-0.019691577437139784,8.098304100850246,blue
231,7.503921587627868,2.066601580166127,orange
232,0.34262202994246316,5.179632695562859,blue
233,-5.708381571062764,2.43764178887262,blue
234,-0.06060455187664893,-7.8095512298704906,orange
235,0.7071715270320329,-9.708219867653266,orange
236,4.3695542434565695,2.11758867927875,orange
237,8.804776220565916,3.691668489174667,orange
238,-3.4442445144427447,4.449570457568839,blue
239,-9.321274928735674,-4.035835147261553,blue
240,8.133997085877954,-3.7008286363124494,orange
241,-9.246427052004476,-2.2609505631864906,blue
242,4.650168082100283,3.4258711968503945,orange
243,1.862347803596112,2.688163880844378,orange
244,7.997360747834705,-3.1006966675025716,orange
245,3.7817653547548034,-6.756034523008944,orange
246,9.474055672947884,4.487858499732214,orange
247,2.0550630815689708,9.171062139609894,blue
248,4.453404326591183,5.783425492251384,blue
249,-6.933897099241129,6.894567057750244,orange
250,5.079204551912856,-2.7782040431179915,orange
251,5.214012478288721,9.50839828224876,blue
252,-5.495590028019244,8.025380085716527,orange
253,8.739964558207078,-3.687423544131261,orange
254,6.167328223922283,-8.030455049725557,orange
255,1.9804095405484219,5.421654813760959,blue
256,6.865797347124026,1.2521187700981233,orange
257,5.3356580563912726,6.76388794407697,blue
258,-4.147774895405833,9.48911015536397,orange
259,-3.691573846603122,9.94519176834784,orange
260,-5.531496904048985,-8.829541281875908,blue
261,-2.271974049407069,-0.4642166728078436,orange
262,6.023458713692115,-4.787529916984273,orange
263,-0.46458264513549175,0.664144961938284,orange
264,6.542482400638157,-6.5613719928717025,orange
265,-1.9447615962756277,6.266611611481288,blue
266,3.3924589939281713,8.87557820033522,blue
267,7.73328975568473,-3.2614600280488792,orange
268,8.417097846423808,5.044456593516941,blue
269,5.268497315453365,8.548474916317168,blue
270,5.031969214810097,8.287755526145617,blue
271,-4.863212972971769,-9.040950255414158,blue
272,4.514021368391639,7.761788452859967,blue
273,-1.5929517852487862,5.949827260648792,blue
274,3.364000851478899,3.6021617491386397,orange
275,-4.289902457220767,8.450635492950099,orange
276,9.546949365753278,-0.08734912822930418,orange
277,3.659508704510097,-7.204934802884148,orange
278,6.818401071761976,-1.9383751991536755,orange
279,-6.668027317870684,4.0447033547942794,blue
280,-3.913300967235836,-9.85304675170671,blue
281,-1.0014378009295815,4.8088032054948044,orange
282,-2.370908689379516,-3.003709397558321,orange
283,-4.146389133927782,-1.090879589521517,blue
284,-9.210313074330049,-5.831593035076974,blue
285,0.2125501591266179,1.5770637148251954,orange
286,5.182494079879152,2.672404567934244,orange
287,-9.047587470029237,3.9185481902144517,blue
288,-3.361254967008083,1.6639044267027856,blue
289,-2.6997440636155297,1.6805290796425343,orange
290,-2.907686402878438,-8.019979675065382,orange
291,-5.773435911792342,-2.967201217347151,blue
292,6.728908562259118,-8.446039276183544,orange
293,4.673637920182534,4.514967274404626,orange
294,-9.165084974982316,-3.7036218289972656,blue
295,9.741637986200569,7.047407840329932,blue
296,-6.346897646861967,6.028208417849999,orange
297,-9.581517148457081,-1.4976324755583406,blue
298,6.508681361507453,4.549640985042469,orange
299,9.533565474504364,-9.001218527575048,orange
300,9.19491115087412,-0.6423261108571214,orange
301,8.457365803179723,2.073393257928391,orange
302,6.969388834484771,2.416727776584205,orange
303,4.727626628491372,9.937471275092157,blue
304,-0.14026226115209894,-2.5041020919752484,orange
305,-0.42147888387414234,1.8961967948117664,orange
306,-9.908067385656905,-3.2725125682405087,blue
307,-2.4743043250986485,-1.4600641229842317,orange
308,-8.747480598129032,7.086917493381442,orange
309,8.650212491318353,-8.228242811237706,orange
310,-4.625960942468074,3.914987109075483,blue
311,4.929161760357202,9.505608372218958,blue
312,1.6619013947345778,4.12382779897041,orange
313,-7.308153187684152,9.724464601087966,orange
314,-0.8761970645248613,-9.094871210640779,orange
315,-9.232685023498048,-4.484130670070963,blue
316,-6.8792997551224255,-0.1806117795358464,blue
317,-5.338303381269469,-2.161486006780919,blue
318,1.1087259721945504,-1.2465641579780833,orange
319,-9.237425088006004,-4.019987752111815,blue
320,-9.19083803250156,3.1874613298622805,blue
321,8.349184159287123,8.164605729786583,blue
322,7.394398872289742,-9.39116441819783,orange
323,9.932833947186634,-0.15261970415424386,orange
324,9.321173412009319,-7.917382151676737,orange
325,-4.47928953494761,2.0990444975356066,blue
326,-5.377182893090675,4.811919994093328,blue
327,-7.13208227453565,9.334331267094523,orange
328,-0.17204677094402854,0.9576223527391612,orange
329,-3.683203533047563,-6.135881833742527,blue
330,-4.752469336316509,-9.624812394883955,blue
331,5.428842654292712,4.687481427185645,orange
332,-1.550167867132906,-9.073201813436212,orange
333,5.589378317749672,-2.7525078919793833,orange
334,-5.980588218686171,-5.841438992535604,blue
335,2.499893559581764,-4.569255092716942,orange
336,-6.848137895463355,8.502474451119774,orange
337,-1.8372446596354806,6.295198013327244,blue
338,-0.26568142952805474,-5.094807152115712,orange
339,-5.667274301990657,4.532009188840824,blue
340,-1.9243209069718255,-5.1229200594362805,orange
341,0.2660644096419915,0.004542530416902224,orange
342,7.307415952238397,5.502180263687917,blue
343,-5.429008191536595,5.9958460551054955,orange
344,-9.208254683409411,-1.808510827844934,blue
345,-6.346183739341173,0.486394143249381,blue
346,-9.874214243138557,-4.024573764463872,blue
347,-9.97475387303745,6.815136264692164,orange
348,-5.915590079801625,5.036301615359308,orange
349,8.727730261676015,-2.5823757308981587,orange
350,-3.9790218955833767,7.626263337220301,orange
351,7.331730855186599,-6.125373448402181,orange
352,0.8104550126217642,-1.1323491490725601,orange
353,-2.3132696468002294,7.92141153286288,blue
354,2.942227268766299,-7.234434291533072,orange
355,-1.3310726016932932,0.7806386271346213,orange
356,-4.088288514003324,-9.132592786456433,blue
357,-5.538090773070299,-0.20339861018300986,blue
358,-3.324872771392407,-5.299784255809463,blue
359,-2.7373636387550775,2.2601106434951763,orange
360,7.590794069825126,1.671627168474462,orange
361,-1.4334560425731304,-8.996406033122337,orange
362,-4.65082923176211,0.24176637344606355,blue
363,-4.967058939071629,1.539306505479379,blue
364,2.3847535181764385,5.073420886314937,blue
365,3.4701809364182274,5.001401258400469,blue
366,7.846558415872703,-5.802676540618403,orange
367,7.558954017076751,-0.04203511153996864,orange
368,-9.740849989421747,8.692990161707314,orange
369,-3.059026908492859,1.7641436770648973,blue
370,6.852348778658129,-1.738805299435274,orange
371,8.272967264471674,5.329064199129743,blue
372,-1.455201991362129,-3.521980334533281,orange
373,-8.756393398656563,-0.04297698899288882,blue
374,-7.375268455069421,0.4702408210893605,blue
375,2.381514361452645,5.735960040105699,blue
376,-7.733766224278826,-4.80026568460882,blue
377,4.451864487794664,-7.778998632245622,orange
378,6.144313225970318,4.4964121941603015,orange
379,-1.4070282705043091,2.175409240740775,orange
380,-0.6339753751196753,5.5489053281258744,blue
381,-1.0656241046947912,9.737185027034695,blue
382,9.195556623137183,-2.380136864448364,orange
383,8.399704213365236,3.7506574323237416,orange
384,0.44427505787740174,-6.487927573276144,orange
385,6.131457908466686,-7.91030936107374,orange
386,6.350790984383174,5.197416424480215,blue
387,-4.2371073437528235,-4.1515613175934725,blue
388,-8.593109602744242,4.235677143755577,blue
389,-5.600469051480692,-0.48186280008104276,blue
390,9.808903376212037,-1.9725283387304486,orange
391,6.217832484869952,-4.971896113199827,orange
392,-2.232848425972607,6.727656540341247,blue
393,5.600793243550449,-5.589726541028006,orange
394,-6.394778216438688,-3.6944729853463887,blue
395,5.90998278200008,3.994855336679393,orange
396,-0.9720843604584335,7.127789039472784,blue
397,-4.65364311605954,-2.3670574273158103,blue
398,-4.994814007901054,-6.743700915189972,blue
399,8.546944203245516,7.883594522790215,blue
400,-7.544690524737376,-1.8453663927582618,blue
401,-2.460874043741015,-6.135644706114192,orange
402,7.90348848448447,-8.8454613795602,orange
403,2.51448072928153,-6.538050063824077,orange
404,3.8385653790074397,9.42772469040277,blue
405,-7.929616034412841,1.2794358514654025,blue
406,3.0073762454756174,-7.143517362992484,orange
407,9.536268569212787,6.274805738696472,blue
408,-0.7690203136896834,-2.7536246742058363,orange
409,1.360750341401868,-2.7310155547243165,orange
410,4.586676624647218,9.920599273828483,blue
411,-8.41698342517354,0.9733803132288728,blue
412,-7.399726798913013,8.848654332497293,orange
413,9.641113052341488,0.9816139671022377,orange
414,2.5845436023241426,6.976340634066204,blue
415,5.653343210324982,-0.16710795907087928,orange
416,-1.7004277586183605,-3.270532118208349,orange
417,5.268769157015658,3.5964128643098174,orange
418,4.313111421776165,-7.887931647011857,orange
419,1.7527520827397787,-3.731624716677537,orange
420,-3.8495037684544915,7.865576588886412,orange
421,8.186983632526154,-6.025387581824065,orange
422,5.697578734923233,7.5185403962982775,blue
423,-1.7300763981110983,6.501579288386019,blue
424,4.003849894627461,3.9241639127626815,orange
425,-2.065197596677491,-5.883657349074182,orange
426,7.172344041892508,3.313010543201134,orange
427,-5.595797188338354,6.48578263506943,orange
428,0.17072790640319013,0.29576908340573915,orange
429,-1.5111254433704513,-3.543275514924316,orange
430,-5.135073353112247,4.126788974013591,blue
431,9.744702285105472,-9.111203109950894,orange
432,-5.811282502327404,-5.960430811605068,blue
433,9.993372860041855,6.713886356035864,blue
434,1.869167340672277,2.9897175280868034,orange
435,8.258962442238776,-1.1779399746165709,orange
436,-0.6585104006240261,-8.968552175702374,orange
437,-1.043570887792436,5.262653357316779,blue
438,6.695137574685685,-6.086440135180286,orange
439,2.9648686889159475,-9.94437474251603,orange
440,2.592736161103753,4.851954781332939,orange
441,7.662048622503065,7.641276713717399,blue
442,-3.2852061147797578,7.955128115416969,orange
443,6.402979680449008,-9.561749988296155,orange
444,-4.160618272383307,-2.9078767054534786,blue
445,0.17538454499748468,-9.329748768995321,orange
446,-3.0793224155798615,1.806610330422762,blue
447,7.584389954382033,3.2910965162980332,orange
448,8.321826554064927,-4.748483354342373,orange
449,9.211364169637914,7.374622068565714,blue
450,-5.625218501047495,6.034536003559992,orange
451,2.6389880588440935,-4.318291302079138,orange
452,8.48727974643218,-4.413250743247299,orange
453,9.234319911578364,6.710309201190899,blue
454,6.872543717672485,-2.8304249648971114,orange
455,-1.0533532912544619,-2.3074048433651706,orange
456,-3.938559655030889,9.547930300343236,orange
457,3.2264309238011553,-1.2868836781725257,orange
458,4.476521532043202,-0.2194529831929959,orange
459,-4.902157645993768,3.9791938204287867,blue
460,9.57007877235695,2.2119623795857954,orange
461,8.729310739585252,0.8130541610380781,orange
462,-9.570262597439541,-8.919661027388175,blue
463,1.5170490435977655,-9.191551199804595,orange
464,-9.868385817850454,4.6096002501216855,blue
465,4.8178475080079775,3.423760492043277,orange
466,-8.011600047824167,6.021428737866586,orange
467,3.2314784794008506,-1.0682661073678812,orange
468,-9.416509468961397,-6.970530411493405,blue
469,1.6389828780133229,-7.745632680324261,orange
470,-7.480218869284682,-5.273954142995432,blue
471,4.135914542438353,-8.308901867877944,orange
472,9.095870695022722,1.9971264975635439,orange
473,2.4571575666593493,-2.2733618559546143,orange
474,-6.9499062228550095,0.6922922268528193,blue
475,0.3533441067198382,3.5163120176123908,orange
476,2.7313586157801737,-6.268389980479516,orange
477,5.804402615307065,6.746823162639245,blue
478,5.259669633240986,0.3795483517042406,orange
479,-1.7774012264239083,-0.571342049924862,orange
480,-8.712900499377598,3.2157572563883328,blue
481,3.2209619375359573,-9.383171688115366,orange
482,-2.7661201624459224,0.9706256837999518,orange
483,2.998720177975663,5.556257415672148,blue
484,9.557243760646895,8.363128120925683,blue
485,-9.329912932831345,8.379924897049879,orange
486,-6.052779941254669,0.3174488093607497,blue
487,2.3164100935634835,1.4740573635695853,orange
488,6.198701235579147,1.105252387684601,orange
489,2.0813394075835454,-3.355507027389404,orange
490,-0.3150592969502739,9.674361738590328,blue
491,1.3876102251417777,8.492454249071834,blue
492,1.5215244345559995,2.097728969043935,orange
493,-8.694628189504163,2.08292337319425,blue
494,5.822619363553441,6.62933474591258,blue
495,8.501860381705367,-4.503462808417407,orange
496,-7.768494803428454,-4.21545942618801,blue
497,-6.668638649842739,-2.4636169886039667,blue
498,4.202347858657568,0.9871550463537808,orange
499,-8.694948915402376,-2.741726317682316,blue
500,3.165318607298955,9.239209196838708,blue
501,6.188783093752079,-2.1217696127718373,orange
502,6.712813296881617,-2.075969802225135,orange
503,8.196172695821687,-7.521916567809129,orange
504,-6.07657286850221,-3.358469147210439,blue
505,-6.954052573863008,-7.691603889867709,blue
506,0.3696059189953509,0.22472172470576623,orange
507,9.276083259588138,-0.11013264906278053,orange
508,-8.08175180332178,-0.973873936557144,blue
509,-5.7599546746706825,-9.429308034867388,blue
510,-7.861012200982436,2.239500697409568,blue
511,-1.466650543473813,-7.936610707084391,orange
512,-9.933972178165131,-1.5174306114109566,blue
513,6.88215483846481,3.610337653850655,orange
514,-3.07614608094962,9.691289131206137,orange
515,0.3564241113691029,4.482440935711534,orange
516,-0.8875773090900694,5.516041287685876,blue
517,3.9952478206744253,9.89812274123133,blue
518,9.331418165968145,-5.954902043358901,orange
519,-8.396482106291014,6.8365360310407155,orange
520,-7.912700871951905,2.769800630022065,blue
521,9.802591755638737,9.797496067939612,blue
522,6.913368392747895,8.976721276004554,blue
523,0.8955552530808184,-0.55662521061479,orange
524,6.026716039989424,-8.366822865237786,orange
525,2.314343740329699,4.539054634819731,orange
526,3.239428633087403,-9.62680725599512,orange
527,6.990081299272241,1.9631651090284379,orange
528,4.228816321358014,8.662608494772755,blue
529,4.5214029480849405,-8.701268819198075,orange
530,-4.042630903200573,-0.8418886343266863,blue
531,8.599559697966257,4.240680021306121,orange
532,-9.097811441435075,9.279195625314049,orange
533,-2.424526031504419,5.483114995607721,blue
534,8.596025829784931,-0.07179393206155638,orange
535,-0.6545826429331054,-0.9753352685487311,orange
536,2.2631277740671187,1.1884207264960942,orange
537,-8.572187417692884,4.776318201014558,blue
538,8.507655169441332,0.08733602662832851,orange
539,1.683431574221304,-2.4263034149099028,orange
540,-2.859937864228346,-0.5869861678766437,orange
541,-3.978586444322662,7.010153569791822,orange
542,3.8054123219392864,-2.5274117463554173,orange
543,3.5874899035995966,-2.3119720813252265,orange
544,-0.4415448914606408,5.059906617182152,blue
545,-8.085675715565106,-2.8717065805408932,blue
546,-0.22870244097029868,-2.811759474286248,orange
547,7.482895573098663,6.172303240762162,blue
548,3.9908609842542617,9.324981595358175,blue
549,-2.990990764704291,2.569110634671926,orange
550,1.4957539313987471,-1.3346791570291998,orange
551,-1.251728147089402,4.7147431404820495,orange
552,4.752795792462086,-3.6395006048671146,orange
553,6.2263330197617925,5.2112985288377125,blue
554,-0.25934787140162463,7.953471476762385,blue
555,-5.5590321261537445,1.0521537512596204,blue
556,8.740622921833456,6.686343493482397,blue
557,1.498796477439397,5.3684645270678715,blue
558,5.520456956744857,3.4598940827391704,orange
559,-0.5452351034042877,2.5222364483299664,orange
560,5.439351537840896,-5.9337726834783755,orange
561,7.497224654576652,7.203960873684622,blue
562,2.336834626875259,-5.827246055924369,orange
563,8.19455850971654,6.01237138940974,blue
564,0.4147019595148489,-8.449943909946056,orange
565,-5.3044127126564256,6.174849209035759,orange
566,-8.921302959954838,7.536634546027777,orange
567,-2.13052812767891,-3.649121363422168,orange
568,-4.871236119335942,-7.900747379038955,blue
569,3.6129932579881334,-1.321507558451458,orange
570,-7.55109909455014,-5.276985936099674,blue
571,6.340662697224303,-2.427743331450884,orange
572,-2.7749554426692207,-5.640068042947954,orange
573,-4.295073244106675,-8.371362571147326,blue
574,-2.1631171123331683,-2.740166141460298,orange
575,2.039919475346297,-5.301864639978772,orange
576,0.49240139117378057,4.384088205924865,orange
577,-0.3982717265452642,9.301338463101455,blue
578,8.10401753757479,-7.761204714241751,orange
579,-2.8003319882065547,-4.686582304115923,orange
580,-4.229775131182885,7.009429795823394,orange
581,1.3664498753590877,4.321642968092936,orange
582,2.5263097439033864,-9.84626889936051,orange
583,-0.9500766397142932,0.08942904069584401,orange
584,9.81610198246749,-9.64345647018746,orange
585,6.891682005837318,4.7937010224441305,orange
586,-9.313095547550201,2.8965621641494828,blue
587,-5.54770917933304,4.213008621559544,blue
588,-9.040653495869256,3.634085276437782,blue
589,-0.21080534944849916,-5.997517755034818,orange
590,-5.1766332718067805,-6.944734434561102,blue
591,-3.641984851095681,2.257918970574803,blue
592,-6.226754553737495,-2.486971351263354,blue
593,2.679031699443664,-5.772942129506882,orange
594,-5.457152854339407,-1.3559985848227711,blue
595,0.8294353761282309,1.9651156740203053,orange
596,-3.093747068638864,8.834195442679654,orange
597,1.04719950595047,-0.31288412834848955,orange
598,0.7967711307124699,0.22598472113833878,orange
599,0.05322402124021508,2.304378773361453,orange
600,-8.679752316724436,-7.460939315771336,blue
601,5.757418219956074,-8.624632097148199,orange
602,-8.381966116561951,-3.4338024701408365,blue
603,4.585202699754426,-9.417698842317401,orange
604,-5.282375178059895,0.29505331998538864,blue
605,-6.767000553582054,0.6937057817869725,blue
606,1.2555137817609712,-1.1750532386074788,orange
607,-2.549722614342178,6.828562887811323,blue
608,8.200674332629319,6.09808935021621,blue
609,-8.415488721053661,2.917127951342227,blue
610,3.936911520863948,-5.927732298869676,orange
611,8.526899163311647,-1.6473994138868342,orange
612,7.0786858270786155,-0.781245190242343,orange
613,-6.67456503033895,4.019762039547999,blue
614,-8.23508088095066,-4.089473047551582,blue
615,-0.277354965166154,9.650649387165913,blue
616,5.89003706263799,1.393914156981813,orange
617,-7.683711743986796,4.0240760261311,blue
618,-6.36961729566435,4.648669576624336,blue
619,0.2221245975999313,-8.97526905357407,orange
620,-6.078402999061952,4.7620598229196744,blue
621,-6.545636155806007,-1.6263888181900228,blue
622,-4.17439817021349,-9.815742465325703,blue
623,2.0513890419508094,-3.8482951057292496,orange
624,6.952289181734759,-8.371834706580294,orange
625,4.326755260079576,-4.231198922741692,orange
626,-5.825679618300215,-9.566370018635968,blue
627,3.441348985865673,-0.857614188595619,orange
628,9.93959653254636,-5.151174334980915,orange
629,6.757068697735715,-6.438571202673522,orange
630,-4.542967898336958,7.682489293272937,orange
631,-3.4558632760568786,-7.615084649376714,blue
632,-2.1397186789880207,-5.462887169827734,orange
633,-6.707973482722509,4.604881851685704,blue
634,-5.408087790151255,2.886286116055061,blue
635,-6.2438658465315156,-0.8444993516510042,blue
636,3.6726316773268017,5.174402714294402,blue
637,4.128723660870934,3.965066563019935,orange
638,3.09813929072849,9.97843843219535,blue
639,5.332605200775539,7.390458973805391,blue
640,-0.022293535233274042,6.519558403769526,blue
641,-3.6372793374678425,-4.444303105484099,blue
642,2.433352665498262,-7.820356658343217,orange
643,3.5289296342913126,-8.538601070365,orange
644,-1.9937040123363055,4.817697475005971,orange
645,0.7467479499401968,2.3535794504904235,orange
646,-4.448070214282387,0.2861624298119647,blue
647,-6.118670725244915,1.606857142895798,blue
648,-2.495534018231229,-1.7553847948392942,orange
649,8.755163723476315,-6.813305749072509,orange
650,-4.026849074907151,6.861142369575436,orange
651,-9.454653002429483,-2.518758834885995,blue
652,7.97953864412429,-5.434593275908297,orange
653,-2.6866931731873684,-9.761773401527062,orange
654,-6.410453105011746,-0.01709373819694804,blue
655,9.715507256822459,-4.675547248537846,orange
656,5.648174906298644,-8.339559485579542,orange
657,-5.351679114437447,-7.402278201139056,blue
658,-4.257344226395963,-0.12218352431154145,blue
659,-7.491526914608593,7.521274056250572,orange
660,-1.3684652356956768,-9.8528140787312,orange
661,-6.284957926254286,-5.250658823951322,blue
662,8.154786369024098,7.099563978205541,blue
663,9.929679194300675,-8.53254244430066,orange
664,0.6432518877993907,-6.009930907468997,orange
665,7.425136354633345,0.2974775676943544,orange
666,-7.803115304290438,9.670114566092785,orange
667,4.393080102807218,-6.962859805297484,orange
668,5.225385813829577,9.243397909183443,blue
669,-6.468174108921909,-5.4924215306355295,blue
670,3.5790100177924717,8.110304835115375,blue
671,2.9502096003218785,-2.4131176610995597,orange
672,-3.5074812227391554,-0.5493414936411511,blue
673,8.735599135262802,9.77442072542972,blue
674,9.826058172800657,-4.481316749721209,orange
675,1.0736021425779203,-4.880429176236298,orange
676,-5.033536234550695,-4.567534506308348,blue
677,-7.241835486923427,-0.2900865972668054,blue
678,5.4067938938852205,-7.973000744952536,orange
679,-5.72002318925394,9.95567337848594,orange
680,2.8207548609367894,3.544006526625905,orange
681,-2.737737509879863,8.940904032265525,blue
682,8.982902372524315,-1.928434308446466,orange
683,8.434028724318296,3.234705553938875,orange
684,-5.84037715987495,-7.9347762518407094,blue
685,-6.745726648017605,-4.613841735146109,blue
686,-9.091755222764013,0.48382493014845096,blue
687,5.130064012201478,-1.889703589962231,orange
688,-8.29855730734771,8.584761610735608,orange
689,-3.665133174278175,-5.136391140510257,blue
690,5.227429874945033,5.888593731012646,blue
691,0.5764371027913064,-3.6856723385075707,orange
692,-5.632814862570612,1.4985633858416936,blue
693,8.665608359219263,-8.575867082049506,orange
694,-8.753647532204745,3.7098335490904084,blue
695,-6.162080272764339,8.847107470017743,orange
696,-3.7816537248478843,-7.517495968945305,blue
697,6.292462512162498,-4.810465756650258,orange
698,9.627801798636494,9.073946502302505,blue
699,-5.071101085373884,-9.100079807358565,blue
700,4.895385306916388,1.8694964158015441,orange
701,-2.0189489913041765,-5.413816116188155,orange
702,0.911677393982238,-5.322149899111772,orange
703,-6.2141916513366136,-2.194241461584186,blue
704,5.697445637514631,5.5027489881194125,blue
705,-0.3144685241549148,-8.686455744573475,orange
706,-5.6367057355884835,-0.031291597670975335,blue
707,1.8229302000045937,1.5151950153418312,orange
708,9.598999969022017,2.1977431133802394,orange
709,-5.799285271923855,5.961464951045826,orange
710,2.490919352547703,6.351343822745228,blue
711,-3.021440249923815,2.421828370597513,blue
712,2.0157643931202607,-2.103513640496515,orange
713,8.015388529899024,0.7791068539782469,orange
714,8.869920802756564,2.6318479389839524,orange
715,0.33527177059782254,2.0139957802017,orange
716,6.181858341968891,9.888538994949126,blue
717,0.11896915286639498,4.330454930038467,orange
718,0.5370516432694288,-7.643036169200932,orange
719,0.2897932397781311,-3.0579296210485207,orange
720,-4.287476262481331,8.40206419418605,orange
721,7.907228758637249,-0.4780870616035138,orange
722,-6.6108071355640785,3.365468003165976,blue
723,9.188780869532081,-8.526026103447911,orange
724,6.0495681402644905,-7.591255952812343,orange
725,-8.127401918107292,0.6424646986626712,blue
726,9.55872413577648,-3.6846989169244253,orange
727,3.4882657545925007,4.892556972582669,orange
728,9.98899167926993,-9.32338377787222,orange
729,-2.7226455615856686,-6.690315346314229,orange
730,-5.438060346406049,6.3850300938613564,orange
731,-3.049592731416899,1.3991682220076225,blue
732,7.470319848105703,-8.490787223169697,orange
733,9.835534798425961,-0.29330156107771543,orange
734,-9.803455910120785,6.05666413033148,orange
735,7.4935379634132495,-6.6544520340651125,orange
736,1.5764114984180466,-1.7126058622891414,orange
737,1.1860185584934158,5.421398037506531,blue
738,5.8664382872997685,2.4115139479871353,orange
739,9.043830024122414,-2.5776304064260236,orange
740,7.183469622109541,-0.46543310751804867,orange
741,-0.05481255305265975,2.6830650663351356,orange
742,9.166139548927998,1.4567896941778855,orange
743,-1.7407906301130005,-2.506123823799098,orange
744,-3.883048259600816,0.7183411376416498,blue
745,4.865094079959697,-3.51477024386927,orange
746,2.720042425488355,8.065606440369024,blue
747,-4.000092577205145,9.665824805711576,orange
748,-3.5946497458137205,5.190094015095777,orange
749,-2.4848880035292513,-2.104376043073806,orange
750,-5.211830739637744,6.931224183742682,orange
751,4.123289804533851,6.9999468948311225,blue
752,-6.115569984265932,8.708703436609202,orange
753,0.45984998681300304,-8.170397337625737,orange
754,-4.209078354619966,-0.17320413670688772,blue
755,-5.4528763542004715,7.6081664734915435,orange
756,4.023976154823007,6.987298178967528,blue
757,8.212611656805624,3.198648126769463,orange
758,-2.6310082779697463,-9.621209126786406,orange
759,8.670546309800006,7.7530211735664984,blue
760,6.164927275665601,2.4051562766617014,orange
761,2.7790407216373385,3.170995753607748,orange
762,-4.517218448561415,6.693687744415843,orange
763,9.079854841495703,-7.488869894346726,orange
764,4.946922190856997,-4.521709903512232,orange
765,-3.9107383440153276,6.676185856419842,orange
766,7.392998266110254,4.11490848180131,orange
767,9.570927883659635,-2.5900934495036836,orange
768,2.6765332584563577,-2.298864270150272,orange
769,-8.940567562025393,-8.529793055237198,blue
770,-6.768107266845957,2.849554758108745,blue
771,-4.074585073454835,0.7841684793990229,blue
772,-3.7837753054271683,1.534577305172304,blue
773,-5.350641786776142,-2.510992216259531,blue
774,1.7652396814832052,1.1051886203176569,orange
775,-7.161931277354505,-0.5349931134142203,blue
776,2.5162432616550756,-3.7417272611419072,orange
777,3.927752414806676,-8.293107991927291,orange
778,8.156792718732152,2.18851765102362,orange
779,8.752558083768335,8.449833320759161,blue
780,6.227674071066957,6.797236737356556,blue
781,7.266393392406499,4.422894098567117,orange
782,-6.10645094665214,2.7386167244389785,blue
783,-5.621858995157673,-5.784274858102236,blue
784,-0.5565214404530927,-1.0785377991798857,orange
785,6.3553619724522115,-5.626725513121825,orange
786,-2.0610958292530546,4.28445779722688,orange
787,-6.737701084985794,-4.653409367393985,blue
788,2.480732343350878,0.9023899264838562,orange
789,6.297749368573889,7.2594515182316535,blue
790,1.0880153189790995,4.32892272094071,orange
791,2.6615179027398597,-0.575470364418047,orange
792,-9.11822465251426,5.898027792414666,orange
793,7.2049948858323845,4.955237870118355,orange
794,4.13275703149238,7.463207314887338,blue
795,6.907870350209983,-8.572138564102206,orange
796,5.843925341255826,4.307598976070286,orange
797,-0.27549838147165495,9.083747912169105,blue
798,-4.132762651951376,-1.6052967072447384,blue
799,9.457967434018627,0.8053866143862862,orange
800,2.2092760197845163,-9.717934016043333,orange
801,-8.352213013756927,9.254562957175999,orange
802,-5.148798462248121,-3.434076757302451,blue
803,2.9657256807572114,1.9532453551448885,orange
804,7.359082000141111,0.12718682036031126,orange
805,6.940632958858714,3.7198884266303,orange
806,3.109390910239618,-6.3836353814619535,orange
807,-1.9884793188307999,-0.9463080429374671,orange
808,3.7357433213192053,8.921408603824691,blue
809,3.2632663350114655,2.8125601923060977,orange
810,-6.399082015548128,-4.938882526691999,blue
811,-3.437780765600122,-4.515678335043393,blue
812,-7.6426156580769655,-6.116617433544449,blue
813,-9.659427796101872,1.6798457935720243,blue
814,-1.849910617923502,-3.509000487625215,orange
815,6.747820717866492,-2.8169303159215575,orange
816,-4.2255846970061555,-8.848620754049318,blue
817,2.6335237315262496,-4.295421263583831,orange
818,9.557149331858923,4.585373533746459,orange
819,1.526319804074781,-1.9388462397722162,orange
820,-7.227568705112917,-0.46423657134984,blue
821,5.929011124712664,4.855651155741272,orange
822,-3.174960221197929,3.2745427429454352,blue
823,4.732073039970292,-8.37998276107227,orange
824,-8.543629779067716,5.336432972393542,orange
825,-6.136941238680659,-1.983780820367798,blue
826,-2.668849239872431,-5.374748338240963,orange
827,-0.708852955773331,-5.433874729196417,orange
828,8.47077561929514,2.189338460710699,orange
829,-9.724421686481723,-0.8796289646203945,blue
830,9.409412891580558,9.423635459071264,blue
831,0.03026388633227306,5.063337337319664,blue
832,-5.506617057155543,9.549028186110714,orange
833,5.45604780499918,-7.259241387905691,orange
834,-1.2800958969345526,-0.22325889068599025,orange
835,-4.263205676828534,4.5161912032965486,blue
836,-8.976418550020455,-4.47766612673669,blue
837,-8.485956467768132,1.6091774277442727,blue
838,-4.632087878123878,2.5413091743087257,blue
839,9.430033710445574,4.937884983975465,orange
840,0.6996391568805453,-4.7055855650661265,orange
841,6.682650373380547,6.114618606691021,blue
842,5.225829833309518,6.904516657935986,blue
843,6.682206970228304,6.367060084299922,blue
844,8.294989368644774,-9.232939770976813,orange
845,-3.2815606416490573,-5.891516882419263,blue
846,-8.23058792180552,-1.2317067102331478,blue
847,6.320776414252624,-5.979610304456253,orange
848,-0.8220278625654558,-5.994289913325225,orange
849,-2.2524331445128087,6.348676908334735,blue
850,0.5958543440528441,6.669503358332037,blue
851,-8.647206026993384,2.5063750161201206,blue
852,6.496252289117319,9.613878166404671,blue
853,-9.699876222108315,3.0916238293500182,blue
854,3.030675303658633,8.639843246643096,blue
855,4.289548671555782,-8.918818296012914,orange
856,-8.761046676689022,-2.408527652107164,blue
857,-1.1385239027894407,-1.9861613238849003,orange
858,6.6902665302173006,1.424734850277794,orange
859,4.125973786909329,-2.2032721638622643,orange
860,-0.5022331986297708,1.5595697134788207,orange
861,-9.17542635838063,8.810654146044463,orange
862,-5.164639405868778,-0.5740736704751086,blue
863,-4.8003929852769955,-2.4251969691371222,blue
864,-0.8317703264568053,4.040510691815154,orange
865,5.61076112522349,-9.472714048619377,orange
866,-2.133964226262539,-0.703874156875786,orange
867,-7.139355507849656,-8.178453365022554,blue
868,8.049452787218044,-4.840449239456426,orange
869,-5.336738475996725,-5.5411873226956265,blue
870,-9.342738353359783,3.6617695769988536,blue
871,4.441711538982311,5.909004531952755,blue
872,-2.7098738735963046,0.40625966275803016,orange
873,5.105376134002217,-0.9947858154003892,orange
874,-1.0522444436262042,8.809214094105076,blue
875,0.6464640345925758,1.882380389664032,orange
876,-9.067056877659471,-8.245260996436222,blue
877,9.901698060709926,0.19323725061839525,orange
878,4.255146379748931,7.817767298377852,blue
879,8.107949614610085,7.868617553981586,blue
880,2.8466560540052814,-3.918111440657137,orange
881,7.362896481366516,-3.2207964655235095,orange
882,1.6433073905265765,-1.725497758267176,orange
883,-2.50381311118979,3.959841855297512,orange
884,-3.235983824749331,3.2851102229334153,blue
885,3.2047415054162887,0.17512402919614267,orange
886,2.885057216006107,1.9102474293877307,orange
887,4.647518245437725,3.882856668720267,orange
888,-3.338496694507624,6.9560583690715525,orange
889,-8.899026658077178,-5.506682836323689,blue
890,-1.5524304312195056,9.005618034112576,blue
891,-5.55549996850131,8.155330097481539,orange
892,-5.164674264806022,-2.9781951411169167,blue
893,-0.9528619856609044,-5.0229701948726095,orange
894,-2.9411293553091022,7.7549788236143975,blue
895,9.493311507401216,9.3807654618846,blue
896,-4.717622969302577,-4.2616540169634565,blue
897,-8.898772508110913,1.9145926697678703,blue
898,-8.277294405156768,5.2582799883335625,orange
899,7.138099175504838,-3.253606465107877,orange
900,1.9433823837986495,4.740359406033523,orange
901,0.5853953639063398,5.862086852912437,blue
902,-4.188529543387616,-1.9146129016856683,blue
903,9.919589013137774,-8.009207090197187,orange
904,-1.984588005541866,0.10751542157099614,orange
905,6.59565274191046,-1.9875834861747137,orange
906,-4.438800033230166,1.4763732346706036,blue
907,-1.8424049715870812,6.2213452603609944,blue
908,-4.985429250827023,4.591334360316049,blue
909,4.8778820061811565,9.618208788697519,blue
910,-1.762046422614798,9.02381009613461,blue
911,9.353973918903101,5.592801574482413,blue
912,1.5497972014415495,-3.4905377629154817,orange
913,-8.721084900497724,-9.868083745283649,blue
914,1.335620745365084,3.2596536110683267,orange
915,-4.900407447752437,-3.3339239557667266,blue
916,2.628743447316902,9.045739377638682,blue
917,7.028223132621637,-1.3596397879422124,orange
918,0.02483074649372874,-4.75649554673412,orange
919,-9.397160028997686,9.367269913913255,orange
920,2.0020969785394342,-2.650770068621899,orange
921,3.5016799406196455,-4.847778418146413,orange
922,6.065217225953493,2.2304047111463774,orange
923,-9.28630393453851,5.002214676028032,orange
924,-7.957071491004786,7.715114485176372,orange
925,7.134532015627563,0.7378586541708287,orange
926,7.238894923844558,-7.5331723539366084,orange
927,-3.7644846688689277,-7.44707881826592,blue
928,3.69593696220692,7.8728428623457205,blue
929,-2.7990452149207856,8.693836587975241,blue
930,-6.8292051483033545,0.0460013538137396,blue
931,-7.024425916419499,-5.011870580009532,blue
932,-6.106788367993163,-6.3149741321706525,blue
933,-8.266525210928426,0.5553895014640737,blue
934,-7.4191552276981065,-8.556219706684782,blue
935,-1.2176303812882558,-2.715817668501945,orange
936,-9.486386621772239,3.2096408301830355,blue
937,-6.041285266414855,1.7793093388312649,blue
938,4.558556500824791,4.004902544691728,orange
939,6.818208943354204,-7.601258175538259,orange
940,5.285200891112998,8.351415413147908,blue
941,-9.618190451771127,7.744371385273354,orange
942,0.8067214579285888,-9.050511878424734,orange
943,6.706153688220805,-4.394729099196358,orange
944,9.365146336447143,6.374720610856784,blue
945,-4.426770559109383,5.445620710743759,orange
946,-9.872942020462608,-4.858032678423088,blue
947,7.188187351730058,-6.203428071024673,orange
948,7.1705309134577035,-4.033068309293277,orange
949,-5.662690142666522,-4.409131779015405,blue
950,8.268426511601973,-2.167648107344979,orange
951,-9.278385416083754,1.0118644916694404,blue
952,7.355080734259506,-4.1775736128358965,orange
953,-7.814970320793748,2.015242387323731,blue
954,3.1278390490293155,1.0554531323352663,orange
955,-9.756850055206357,7.564128353485437,orange
956,5.034576801023098,6.645176432151214,blue
957,-3.5909385947711447,4.734901879309238,blue
958,-7.125277175330307,3.348638476375543,blue
959,-0.47370852708963085,-4.918187449816312,orange
960,-3.485182292645579,3.503267784622391,blue
961,-7.8509379108990345,-9.685808857783368,blue
962,4.462153668002987,-7.03491618326966,orange
963,6.532396063874863,-9.962857292824463,orange
964,-8.90178785888694,-9.47791879711871,blue
965,-0.38347422229602124,-2.509981859445194,orange
966,-4.699355488666641,-3.8525827622235864,blue
967,6.663371277774921,2.904146320243054,orange
968,6.167199442286098,-0.3570263337566253,orange
969,-9.07213374809576,8.978897881080776,orange
970,-8.365792634785802,-0.9500649942629735,blue
971,-2.4689728152316377,-7.340435846378188,orange
972,-7.775649890294531,-2.7188093209054625,blue
973,0.3876215949646564,4.0574954604014515,orange
974,6.944564182893625,0.46558971159968365,orange
975,-1.8529827163744947,4.364633470283119,orange
976,7.09854154773965,-1.820129452904279,orange
977,-7.1550568147257625,2.7221313937510683,blue
978,-0.5946922241835679,-9.546674944974225,orange
979,-0.8411313782114522,-7.050590808347992,orange
980,3.7551690377974456,-3.9718453249995767,orange
981,-1.0049578669516919,-7.392118930419018,orange
982,1.2904918493613096,-7.569886041799023,orange
983,-1.9344319544568798,5.213324765436656,blue
984,-2.6136586021584822,-6.809288630593793,orange
985,1.446719424696921,-6.689247407923329,orange
986,3.8719520485349097,9.177000727320795,blue
987,0.14356403248063287,9.493338994566457,blue
988,4.706435494718633,-0.1995376164186009,orange
989,-8.155557100238635,-4.1498761997487215,blue
990,8.727734448166803,1.7534027679835784,orange
991,3.3299474952756434,0.14683753047277293,orange
992,5.342784344541705,8.06432713883989,blue
993,7.993322319706326,7.692020951919968,blue
994,-4.083443156402849,8.495296167145739,orange
995,-3.5584426521576535,-5.888716961058398,blue
996,2.7430724048674,2.077940827885339,orange
997,0.23117294144244838,-7.483023562235704,orange
998,2.1482735592871194,5.1543942804916565,blue
999,7.541740541472894,9.203966610131783,blue
